{ "frames": [
   {
    "filename": "UI_X 0.ase",
    "frame": { "x": 0, "y": 0, "w": 7, "h": 7 },
    "rotated": false,
    "trimmed": false,
    "spriteSourceSize": { "x": 0, "y": 0, "w": 7, "h": 7 },
    "sourceSize": { "w": 7, "h": 7 },
    "duration": 0
   },
   {
    "filename": "UI_X 1.ase",
    "frame": { "x": 7, "y": 0, "w": 7, "h": 7 },
    "rotated": false,
    "trimmed": false,
    "spriteSourceSize": { "x": 0, "y": 0, "w": 7, "h": 7 },
    "sourceSize": { "w": 7, "h": 7 },
    "duration": 0
   }
 ],
 "meta": {
  "app": "https://github.com/LibreSprite/LibreSprite/",
  "version": "1.0-dev",
  "image": "C:\\Users\\jwism\\Pictures\\Aseprite\\UI_X.png",
  "format": "RGBA8888",
  "size": { "w": 14, "h": 7 },
  "scale": "1",
  "frameTags": [
   { "name": "Disabled", "from": 0, "to": 0, "direction": "forward" },
   { "name": "Enabled", "from": 1, "to": 1, "direction": "forward" }
  ],
  "layers": [
   { "name": "Flattened", "opacity": 255, "blendMode": "normal" }
  ]
 }
}
