{ "frames": [
   {
    "filename": "HOTDOG CONCEPT 0.png",
    "frame": { "x": 0, "y": 0, "w": 12, "h": 25 },
    "rotated": false,
    "trimmed": false,
    "spriteSourceSize": { "x": 0, "y": 0, "w": 12, "h": 25 },
    "sourceSize": { "w": 12, "h": 25 },
    "duration": 100
   },
   {
    "filename": "HOTDOG CONCEPT 1.png",
    "frame": { "x": 12, "y": 0, "w": 12, "h": 25 },
    "rotated": false,
    "trimmed": false,
    "spriteSourceSize": { "x": 0, "y": 0, "w": 12, "h": 25 },
    "sourceSize": { "w": 12, "h": 25 },
    "duration": 100
   },
   {
    "filename": "HOTDOG CONCEPT 2.png",
    "frame": { "x": 24, "y": 0, "w": 12, "h": 25 },
    "rotated": false,
    "trimmed": false,
    "spriteSourceSize": { "x": 0, "y": 0, "w": 12, "h": 25 },
    "sourceSize": { "w": 12, "h": 25 },
    "duration": 100
   },
   {
    "filename": "HOTDOG CONCEPT 3.png",
    "frame": { "x": 36, "y": 0, "w": 12, "h": 25 },
    "rotated": false,
    "trimmed": false,
    "spriteSourceSize": { "x": 0, "y": 0, "w": 12, "h": 25 },
    "sourceSize": { "w": 12, "h": 25 },
    "duration": 100
   },
   {
    "filename": "HOTDOG CONCEPT 4.png",
    "frame": { "x": 48, "y": 0, "w": 12, "h": 25 },
    "rotated": false,
    "trimmed": false,
    "spriteSourceSize": { "x": 0, "y": 0, "w": 12, "h": 25 },
    "sourceSize": { "w": 12, "h": 25 },
    "duration": 100
   },
   {
    "filename": "HOTDOG CONCEPT 5.png",
    "frame": { "x": 60, "y": 0, "w": 12, "h": 25 },
    "rotated": false,
    "trimmed": false,
    "spriteSourceSize": { "x": 0, "y": 0, "w": 12, "h": 25 },
    "sourceSize": { "w": 12, "h": 25 },
    "duration": 100
   },
   {
    "filename": "HOTDOG CONCEPT 6.png",
    "frame": { "x": 72, "y": 0, "w": 12, "h": 25 },
    "rotated": false,
    "trimmed": false,
    "spriteSourceSize": { "x": 0, "y": 0, "w": 12, "h": 25 },
    "sourceSize": { "w": 12, "h": 25 },
    "duration": 100
   }
 ],
 "meta": {
  "app": "https://github.com/LibreSprite/LibreSprite/",
  "version": "1.0-dev",
  "image": "C:\\Users\\jwism\\Downloads\\hotdog_radioactive.png",
  "format": "RGBA8888",
  "size": { "w": 84, "h": 25 },
  "scale": "1",
  "frameTags": [
   { "name": "main", "from": 0, "to": 6, "direction": "forward" }
  ],
  "layers": [
   { "name": "Layer Copy", "opacity": 255, "blendMode": "normal" },
   { "name": "Layer Copy Copy", "opacity": 255, "blendMode": "normal" },
   { "name": "Layer", "opacity": 255, "blendMode": "normal" },
   { "name": "Layer Copy", "opacity": 255, "blendMode": "normal" }
  ]
 }
}
