{ "frames": [
   {
    "filename": "Rat 0.png",
    "frame": { "x": 0, "y": 0, "w": 15, "h": 9 },
    "rotated": false,
    "trimmed": false,
    "spriteSourceSize": { "x": 0, "y": 0, "w": 15, "h": 9 },
    "sourceSize": { "w": 15, "h": 9 },
    "duration": 100
   },
   {
    "filename": "Rat 1.png",
    "frame": { "x": 15, "y": 0, "w": 15, "h": 9 },
    "rotated": false,
    "trimmed": false,
    "spriteSourceSize": { "x": 0, "y": 0, "w": 15, "h": 9 },
    "sourceSize": { "w": 15, "h": 9 },
    "duration": 100
   },
   {
    "filename": "Rat 2.png",
    "frame": { "x": 30, "y": 0, "w": 15, "h": 9 },
    "rotated": false,
    "trimmed": false,
    "spriteSourceSize": { "x": 0, "y": 0, "w": 15, "h": 9 },
    "sourceSize": { "w": 15, "h": 9 },
    "duration": 100
   },
   {
    "filename": "Rat 3.png",
    "frame": { "x": 45, "y": 0, "w": 15, "h": 9 },
    "rotated": false,
    "trimmed": false,
    "spriteSourceSize": { "x": 0, "y": 0, "w": 15, "h": 9 },
    "sourceSize": { "w": 15, "h": 9 },
    "duration": 100
   },
   {
    "filename": "Rat 4.png",
    "frame": { "x": 60, "y": 0, "w": 15, "h": 9 },
    "rotated": false,
    "trimmed": false,
    "spriteSourceSize": { "x": 0, "y": 0, "w": 15, "h": 9 },
    "sourceSize": { "w": 15, "h": 9 },
    "duration": 100
   },
   {
    "filename": "Rat 5.png",
    "frame": { "x": 75, "y": 0, "w": 15, "h": 9 },
    "rotated": false,
    "trimmed": false,
    "spriteSourceSize": { "x": 0, "y": 0, "w": 15, "h": 9 },
    "sourceSize": { "w": 15, "h": 9 },
    "duration": 100
   }
 ],
 "meta": {
  "app": "https://github.com/LibreSprite/LibreSprite/",
  "version": "1.0-dev",
  "image": "C:\\Users\\jwism\\Pictures\\Aseprite\\Rat-sheet.png",
  "format": "RGBA8888",
  "size": { "w": 90, "h": 9 },
  "scale": "1",
  "frameTags": [
   { "name": "main", "from": 0, "to": 5, "direction": "forward" }
  ],
  "layers": [
   { "name": "Layer", "opacity": 255, "blendMode": "normal" }
  ]
 }
}
