{ "frames": [
   {
    "filename": "crate_0 0.ase",
    "frame": { "x": 0, "y": 0, "w": 28, "h": 21 },
    "rotated": false,
    "trimmed": false,
    "spriteSourceSize": { "x": 0, "y": 0, "w": 28, "h": 21 },
    "sourceSize": { "w": 28, "h": 21 },
    "duration": 100
   },
   {
    "filename": "crate_0 1.ase",
    "frame": { "x": 28, "y": 0, "w": 28, "h": 21 },
    "rotated": false,
    "trimmed": false,
    "spriteSourceSize": { "x": 0, "y": 0, "w": 28, "h": 21 },
    "sourceSize": { "w": 28, "h": 21 },
    "duration": 100
   },
   {
    "filename": "crate_0 2.ase",
    "frame": { "x": 56, "y": 0, "w": 28, "h": 21 },
    "rotated": false,
    "trimmed": false,
    "spriteSourceSize": { "x": 0, "y": 0, "w": 28, "h": 21 },
    "sourceSize": { "w": 28, "h": 21 },
    "duration": 100
   },
   {
    "filename": "crate_0 3.ase",
    "frame": { "x": 84, "y": 0, "w": 28, "h": 21 },
    "rotated": false,
    "trimmed": false,
    "spriteSourceSize": { "x": 0, "y": 0, "w": 28, "h": 21 },
    "sourceSize": { "w": 28, "h": 21 },
    "duration": 100
   },
   {
    "filename": "crate_0 4.ase",
    "frame": { "x": 112, "y": 0, "w": 28, "h": 21 },
    "rotated": false,
    "trimmed": false,
    "spriteSourceSize": { "x": 0, "y": 0, "w": 28, "h": 21 },
    "sourceSize": { "w": 28, "h": 21 },
    "duration": 100
   },
   {
    "filename": "crate_0 5.ase",
    "frame": { "x": 140, "y": 0, "w": 28, "h": 21 },
    "rotated": false,
    "trimmed": false,
    "spriteSourceSize": { "x": 0, "y": 0, "w": 28, "h": 21 },
    "sourceSize": { "w": 28, "h": 21 },
    "duration": 100
   },
   {
    "filename": "crate_0 6.ase",
    "frame": { "x": 168, "y": 0, "w": 28, "h": 21 },
    "rotated": false,
    "trimmed": false,
    "spriteSourceSize": { "x": 0, "y": 0, "w": 28, "h": 21 },
    "sourceSize": { "w": 28, "h": 21 },
    "duration": 100
   }
 ],
 "meta": {
  "app": "https://github.com/LibreSprite/LibreSprite/",
  "version": "1.0-dev",
  "image": "/home/martin/Dev/LowRez GameJam 2020/res/crate_0.png",
  "format": "RGBA8888",
  "size": { "w": 196, "h": 21 },
  "scale": "1",
  "frameTags": [
   { "name": "0", "from": 0, "to": 0, "direction": "forward" },
   { "name": "1", "from": 1, "to": 1, "direction": "forward" },
   { "name": "2", "from": 2, "to": 2, "direction": "forward" },
   { "name": "3", "from": 3, "to": 3, "direction": "forward" },
   { "name": "4", "from": 4, "to": 4, "direction": "forward" },
   { "name": "4", "from": 4, "to": 4, "direction": "forward" },
   { "name": "5", "from": 5, "to": 5, "direction": "forward" },
   { "name": "6", "from": 6, "to": 6, "direction": "forward" }
  ]
 }
}
